name,state,latitude,longitude,population
"New York City","NY","40.71427","-74.00597","8804190"
"Los Angeles","CA","34.05223","-118.24368","3820914"
"Brooklyn","NY","40.6501","-73.94958","2736074"
"Chicago","IL","41.85003","-87.65005","2664452"
"Queens","NY","40.68149","-73.83652","2316841"
"Houston","TX","29.76328","-95.36327","2314157"
"Phoenix","AZ","33.44838","-112.07404","1650070"
"Philadelphia","PA","39.95238","-75.16362","1573916"
"San Antonio","TX","29.42412","-98.49363","1526656"
"Manhattan","NY","40.78343","-73.96625","1487536"
"San Diego","CA","32.71571","-117.16472","1404452"
"The Bronx","NY","40.84985","-73.86641","1385108"
"Dallas","TX","32.78306","-96.80667","1326087"
"Jacksonville","FL","30.33218","-81.65565","1009833"
"Fort Worth","TX","32.72541","-97.32085","1008106"
"San Jose","CA","37.33939","-121.89496","997368"
"Austin","TX","30.26715","-97.74306","974447"
"Columbus","OH","39.96118","-82.99879","913175"
"Charlotte","NC","35.22709","-80.84313","911311"
"Indianapolis","IN","39.76838","-86.15804","887642"
"San Francisco","CA","37.77493","-122.41942","827526"
"Seattle","WA","47.60621","-122.33207","780995"
"Denver","CO","39.73915","-104.9847","729019"
"Washington","DC","38.89511","-77.03637","689545"
"Nashville","TN","36.16589","-86.78444","689447"
"Oklahoma City","OK","35.46756","-97.51643","681054"
"El Paso","TX","31.75872","-106.48693","678815"
"Boston","MA","42.35843","-71.05977","653833"
"Portland","OR","45.52345","-122.67621","652503"
"Detroit","MI","42.33143","-83.04575","645705"
"Las Vegas","NV","36.17497","-115.13722","641903"
"New South Memphis","TN","35.08676","-90.05676","641608"
"Memphis","TN","35.14953","-90.04898","633104"
"Louisville","KY","38.25424","-85.75941","624444"
"Baltimore","MD","39.29038","-76.61219","585708"
"South Boston","MA","42.33343","-71.04949","571281"
"Albuquerque","NM","35.08449","-106.65114","564559"
"Milwaukee","WI","43.0389","-87.90647","563531"
"Tucson","AZ","32.22174","-110.92648","542629"
"Fresno","CA","36.74773","-119.77237","542107"
"Sacramento","CA","38.58157","-121.4944","524943"
"Atlanta","GA","33.749","-84.38798","510823"
"Miami","FL","25.77427","-80.19366","487014"
"Omaha","NE","41.25626","-95.94043","486051"
"Raleigh","NC","35.7721","-78.63861","482295"
"Kansas City","MO","39.09973","-94.57857","475378"
"Long Beach","CA","33.76696","-118.18923","474140"
"Mesa","AZ","33.42227","-111.82264","471825"
"Staten Island","NY","40.56233","-74.13986","468730"
"Colorado Springs","CO","38.83388","-104.82136","456568"
"Virginia Beach","VA","36.85293","-75.97799","454808"
"Oakland","CA","37.80437","-122.2708","419267"
"Tampa","FL","27.94752","-82.45843","414547"
"Tulsa","OK","36.15398","-95.99277","413066"
"Minneapolis","MN","44.97997","-93.26384","410939"
"Wichita","KS","37.69224","-97.33754","396119"
"Arlington","TX","32.73569","-97.10807","388125"
"Bakersfield","CA","35.37329","-119.01871","373640"
"Cleveland","OH","41.4995","-81.69541","365379"
"New Orleans","LA","29.95465","-90.07507","362701"
"Aurora","CO","39.72943","-104.83192","359407"
"Honolulu","HI","21.30694","-157.85833","350964"
"Anaheim","CA","33.83529","-117.9145","350742"
"West Raleigh","NC","35.78682","-78.66389","338759"
"Orlando","FL","28.53834","-81.37924","334854"
"Lexington","KY","37.98869","-84.47772","320347"
"Riverside","CA","33.95335","-117.39616","317261"
"Corpus Christi","TX","27.80058","-97.39638","316239"
"Lexington-Fayette","KY","38.0498","-84.45855","314488"
"Cincinnati","OH","39.12711","-84.51439","311097"
"Santa Ana","CA","33.74557","-117.86783","310227"
"Stockton","CA","37.9577","-121.29078","305658"
"Pittsburgh","PA","40.44062","-79.99589","304391"
"Saint Paul","MN","44.94441","-93.09327","303176"
"Lincoln","NE","40.8","-96.66696","294757"
"Anchorage","AK","61.21806","-149.90028","289600"
"Meads","KY","38.41258","-82.70905","288649"
"Henderson","NV","36.0397","-114.98194","285667"
"Greensboro","NC","36.07264","-79.79198","285342"
"Plano","TX","33.01984","-96.69889","283558"
"Newark","NJ","40.73566","-74.17237","281944"
"Madison","WI","43.07305","-89.40123","280305"
"St. Louis","MO","38.62727","-90.19789","279695"
"Chula Vista","CA","32.64005","-117.0842","265757"
"Toledo","OH","41.66394","-83.55521","265638"
"Jersey City","NJ","40.72816","-74.07764","264290"
"Reno","NV","39.52963","-119.8138","264165"
"Chandler","AZ","33.30616","-111.84125","260828"
"Fort Wayne","IN","41.1306","-85.12886","260326"
"Buffalo","NY","42.88645","-78.87837","258071"
"Durham","NC","35.99403","-78.89862","257636"
"St. Petersburg","FL","27.77086","-82.67927","257083"
"Irvine","CA","33.66946","-117.82311","256927"
"Laredo","TX","27.50641","-99.50754","256153"
"Lubbock","TX","33.57786","-101.85517","249042"
"Gilbert","AZ","33.35283","-111.78903","247542"
"Tri-Cities","WA","46.2454","-119.19617","244036"
"Winston-Salem","NC","36.09986","-80.24422","241218"
"Glendale","AZ","33.53865","-112.18599","240126"
"Norfolk","VA","36.84681","-76.28522","238005"
"Hialeah","FL","25.8576","-80.27811","237069"
"Garland","TX","32.91262","-96.63888","236897"
"Scottsdale","AZ","33.50921","-111.89903","236839"
"Irving","TX","32.81402","-96.94889","236607"
"Boise","ID","43.6135","-116.20345","235684"
"Chesapeake","VA","36.81904","-76.27494","235429"
"North Las Vegas","NV","36.19886","-115.1175","234807"
"Fremont","CA","37.54827","-121.98857","232206"
"Spokane","WA","47.65966","-117.42908","229447"
"Baton Rouge","LA","30.44332","-91.18747","227470"
"Upper West Side","NY","40.78705","-73.97542","226989"
"Richmond","VA","37.55376","-77.46026","226610"
"Paradise","NV","36.09719","-115.14666","223167"
"Tacoma","WA","47.25288","-122.44429","222906"
"Jamaica","NY","40.69149","-73.80569","216866"
"San Bernardino","CA","34.10834","-117.28977","216108"
"Salt Lake City","UT","40.76078","-111.89105","215548"
"Huntsville","AL","34.7304","-86.58594","215006"
"Des Moines","IA","41.60054","-93.60911","214133"
"Fontana","CA","34.09223","-117.43505","212704"
"Modesto","CA","37.6391","-120.99688","211266"
"Rochester","NY","43.15478","-77.61556","209802"
"Maryvale","AZ","33.50199","-112.17765","208189"
"Arlington","VA","38.88101","-77.10428","207627"
"Oxnard","CA","34.1975","-119.17705","207254"
"Columbus","GA","32.46098","-84.98771","206922"
"Worcester","MA","42.26259","-71.80229","206518"
"Moreno Valley","CA","33.93752","-117.23059","204198"
"Little Rock","AR","34.74648","-92.28959","202591"
"Fayetteville","NC","35.05266","-78.87836","201963"
"Huntington Beach","CA","33.6603","-117.99923","201899"
"Tallahassee","FL","30.43826","-84.28073","201731"
"Yonkers","NY","40.9304","-73.89789","201116"
"Glendale","CA","34.14251","-118.25508","201020"
"Cypress","TX","29.96911","-95.69717","200839"
"Aurora","IL","41.76058","-88.32007","200661"
"Amarillo","TX","35.222","-101.8313","198645"
"Akron","OH","41.08144","-81.51901","197542"
"Vancouver","WA","45.63873","-122.66149","196442"
"Birmingham","AL","33.52066","-86.80249","196357"
"Montgomery","AL","32.36681","-86.29997","195287"
"Grand Rapids","MI","42.96336","-85.66809","195097"
"Peoria","AZ","33.5806","-112.23738","190985"
"Providence","RI","41.82399","-71.41283","190934"
"Knoxville","TN","35.96064","-83.92074","190740"
"Sunrise Manor","NV","36.21108","-115.07306","189372"
"Grand Prairie","TX","32.74596","-96.99778","187809"
"Shreveport","LA","32.52515","-93.75018","187593"
"Brownsville","TX","25.90175","-97.49748","186738"
"Overland Park","KS","38.98223","-94.67079","186515"
"Newport News","VA","36.98038","-76.42975","186247"
"Mobile","AL","30.69436","-88.04305","183289"
"Fort Lauderdale","FL","26.12231","-80.14338","183146"
"Santa Clarita","CA","34.39166","-118.54259","182371"
"Chattanooga","TN","35.04563","-85.30968","181099"
"East Flatbush","NY","40.65371","-73.93042","178464"
"Spring Valley","NV","36.10803","-115.245","178395"
"Santa Rosa","CA","38.44047","-122.71443","178127"
"Eugene","OR","44.05207","-123.08675","176654"
"Tempe","AZ","33.41477","-111.90931","175826"
"Oceanside","CA","33.19587","-117.37948","175691"
"Salem","OR","44.9429","-123.0351","175535"
"Garden Grove","CA","33.77391","-117.94145","175393"
"Rancho Cucamonga","CA","34.1064","-117.59311","175236"
"Cape Coral","FL","26.56285","-81.94953","175229"
"East New York","NY","40.66677","-73.88236","173198"
"Sioux Falls","SD","43.54369","-96.72796","171544"
"Ontario","CA","34.06334","-117.65089","171214"
"Fort Collins","CO","40.58526","-105.08442","170924"
"Springfield","MO","37.21533","-93.29824","170188"
"Hollywood","CA","34.09834","-118.32674","167664"
"Elk Grove","CA","38.4088","-121.37162","166913"
"Clarksville","TN","36.52977","-87.35945","166722"
"Pembroke Pines","FL","26.00315","-80.22394","166611"
"Deer Valley","AZ","33.68393","-112.13488","165656"
"Murfreesboro","TN","35.84562","-86.39027","165430"
"Port Saint Lucie","FL","27.29393","-80.35033","164603"
"Corona","CA","33.87529","-117.56644","164226"
"McKinney","TX","33.19762","-96.61527","162898"
"Lancaster","CA","34.69804","-118.13674","161103"
"Cary","NC","35.79154","-78.78112","159769"
"Alexandria","VA","38.80484","-77.04692","159467"
"Tempe Junction","AZ","33.41421","-111.94348","158368"
"Palmdale","CA","34.57943","-118.11646","158351"
"Hayward","CA","37.66882","-122.0808","158289"
"Salinas","CA","36.67774","-121.6555","157380"
"Sunnyvale","CA","37.36883","-122.03635","155805"
"Frisco","TX","33.15067","-96.82361","154407"
"Springfield","MA","42.10148","-72.58981","154341"
"East Chattanooga","TN","35.06535","-85.24912","154024"
"Pasadena","TX","29.69106","-95.2091","153784"
"Jackson","MS","32.29876","-90.18481","153701"
"Pomona","CA","34.05529","-117.75228","153266"
"Kansas City","KS","39.11417","-94.62746","152933"
"Washington Heights","NY","40.8501","-73.93541","152613"
"Lakewood","CO","39.70471","-105.08137","152597"
"Escondido","CA","33.11921","-117.08642","151038"
"Astoria","NY","40.77205","-73.93014","150165"
"Hollywood","FL","26.0112","-80.14949","149728"
"Borough Park","NY","40.63399","-73.99681","149248"
"Valencia","CA","34.44361","-118.60953","148456"
"Rockford","IL","42.27113","-89.094","148278"
"East Hampton","VA","37.03737","-76.33161","147993"
"Joliet","IL","41.52519","-88.0834","147861"
"Savannah","GA","32.08354","-81.09983","147780"
"Paterson","NJ","40.91677","-74.17181","147754"
"Bridgeport","CT","41.17923","-73.18945","147629"
"Naperville","IL","41.78586","-88.14729","147100"
"Gainesville","FL","29.65163","-82.32483","145214"
"Mesquite","TX","32.7668","-96.59916","144788"
"Syracuse","NY","43.04812","-76.14742","144142"
"Torrance","CA","33.83585","-118.34063","143592"
"Surprise","AZ","33.63059","-112.33322","143148"
"Metairie Terrace","LA","29.97854","-90.16396","142489"
"Columbia","SC","34.00071","-81.03481","142416"
"Pasadena","CA","34.14778","-118.14452","142250"
"Orange","CA","33.78779","-117.85311","140992"
"Fullerton","CA","33.87029","-117.92534","140847"
"Killeen","TX","31.11712","-97.7278","140806"
"McAllen","TX","26.20341","-98.23001","140269"
"Bellevue","WA","47.61038","-122.20068","139820"
"Metairie","LA","29.98409","-90.15285","138481"
"Hampton","VA","37.02987","-76.34522","137148"
"Miramar","FL","25.98731","-80.23227","137132"
"Van Nuys","CA","34.18667","-118.44897","136443"
"West Valley City","UT","40.69161","-112.00105","136208"
"Dayton","OH","39.75895","-84.19161","135512"
"Olathe","KS","38.8814","-94.81913","134305"
"Warren","MI","42.49044","-83.01304","134056"
"Thornton","CO","39.86804","-104.97192","133451"
"Carrollton","TX","32.95373","-96.89028","133168"
"Charleston","SC","32.77632","-79.93275","132609"
"Midland","TX","31.99735","-102.07791","132524"
"Waco","TX","31.54933","-97.14667","132356"
"Sterling Heights","MI","42.58031","-83.0302","132052"
"Denton","TX","33.21484","-97.13307","131044"
"Cedar Rapids","IA","42.00833","-91.64407","130405"
"New Haven","CT","41.30815","-72.92816","130322"
"Roseville","CA","38.75212","-121.28801","130269"
"Visalia","CA","36.33023","-119.29206","130104"
"Coral Springs","FL","26.27119","-80.2706","129485"
"Thousand Oaks","CA","34.17056","-118.83759","129339"
"Columbia","MO","38.95171","-92.33407","129330"
"Elizabeth","NJ","40.66399","-74.2107","129007"
"Stamford","CT","41.05343","-73.53873","128874"
"Concord","CA","37.97798","-122.03107","128667"
"Norman","OK","35.22257","-97.43948","128026"
"Alhambra","AZ","33.49838","-112.13432","127764"
"Athens","GA","33.96095","-83.37794","127315"
"Kent","WA","47.38093","-122.23484","126952"
"Simi Valley","CA","34.26945","-118.78148","126788"
"East Los Angeles","CA","34.0239","-118.17202","126496"
"Santa Clara","CA","37.35411","-121.95524","126215"
"Sunset Park","NY","40.64548","-74.01241","126000"
"Topeka","KS","39.04833","-95.67804","125963"
"Abilene","TX","32.44874","-99.73314","125182"
"Koreatown","CA","34.05779","-118.30091","124281"
"Sheepshead Bay","NY","40.59122","-73.94458","122534"
"Amherst","NY","42.97839","-78.79976","122366"
"Victorville","CA","34.53611","-117.29116","122225"
"Vallejo","CA","38.10409","-122.25664","121692"
"Lafayette","LA","30.22409","-92.01984","121374"
"Chico","CA","39.72849","-121.83748","121345"
"North Stamford","CT","41.13815","-73.54346","121230"
"Hartford","CT","41.76371","-72.68509","121054"
"Berkeley","CA","37.87159","-122.27275","120972"
"West Palm Beach","FL","26.71534","-80.05337","120932"
"Allentown","PA","40.60843","-75.49018","120207"
"Evansville","IN","37.97476","-87.55585","119943"
"Palm Bay","FL","28.03446","-80.58866","119760"
"Fargo","ND","46.87719","-96.7898","118523"
"Clearwater","FL","27.96585","-82.8001","117292"
"Independence","MO","39.09112","-94.41551","117255"
"Billings","MT","45.78329","-108.50069","117116"
"Ann Arbor","MI","42.27756","-83.74088","117070"
"El Monte","CA","34.06862","-118.02757","116732"
"Harlem","NY","40.80788","-73.94542","116345"
"Westminster","CO","39.83665","-105.0372","116317"
"Round Rock","TX","30.50826","-97.6789","115997"
"Wilmington","NC","34.23556","-77.94604","115933"
"East Harlem","NY","40.79472","-73.9425","115921"
"Arvada","CO","39.80276","-105.08748","115368"
"Beaumont","TX","30.08605","-94.10185","115282"
"Provo","UT","40.23384","-111.65853","115162"
"Peoria","IL","40.69365","-89.58899","115070"
"Carlsbad","CA","33.15809","-117.35059","114746"
"Odessa","TX","31.84568","-102.36764","114428"
"Springfield","IL","39.80172","-89.64371","114394"
"Downey","CA","33.94001","-118.13257","114219"
"Elmhurst","NY","40.73649","-73.87791","113364"
"Costa Mesa","CA","33.64113","-117.91867","113204"
"Miami Gardens","FL","25.94204","-80.2456","113187"
"North Peoria","IL","40.71754","-89.58426","113004"
"Fairfield","CA","38.24936","-122.03997","112970"
"Lansing","MI","42.73253","-84.55553","112644"
"Bushwick","NY","40.69427","-73.91875","112620"
"Gravesend","NY","40.5976","-73.96514","112229"
"Rochester","MN","44.02163","-92.4699","112225"
"Elgin","IL","42.03725","-88.28119","112111"
"West Jordan","UT","40.60967","-111.9391","111946"
"Inglewood","CA","33.96168","-118.35313","111666"
"Tuscaloosa","AL","33.20984","-87.56917","111338"
"Richardson","TX","32.94818","-96.72972","110815"
"Lowell","MA","42.63342","-71.31617","110699"
"East Independence","MO","39.09556","-94.35523","110675"
"Gresham","OR","45.49818","-122.43148","110553"
"Antioch","CA","38.00492","-121.80579","110542"
"Cambridge","MA","42.3751","-71.10561","110402"
"High Point","NC","35.95569","-80.00532","110268"
"Manchester","NH","42.99564","-71.45479","110229"
"Temecula","CA","33.49364","-117.14836","110003"
"Murrieta","CA","33.55391","-117.21392","109830"
"Centennial","CO","39.57916","-104.87692","109741"
"Richmond","CA","37.93576","-122.34775","109708"
"Corona","NY","40.74705","-73.86014","109698"
"Pueblo","CO","38.25445","-104.60914","109412"
"Pearland","TX","29.56357","-95.28605","108821"
"Waterbury","CT","41.55815","-73.0515","108802"
"Greeley","CO","40.42331","-104.70913","108795"
"West Covina","CA","34.06862","-117.93895","108484"
"Enterprise","NV","36.02525","-115.24194","108481"
"North Charleston","SC","32.85462","-79.97481","108304"
"Everett","WA","47.97898","-122.20208","108010"
"College Station","TX","30.62798","-96.33441","107889"
"Pompano Beach","FL","26.23786","-80.12477","107762"
"South Fulton","GA","33.59259","-84.67294","107436"
"Norwalk","CA","33.90224","-118.08173","107140"
"Boulder","CO","40.01499","-105.27055","106803"
"Broken Arrow","OK","36.0526","-95.79082","106563"
"Daly City","CA","37.70577","-122.46192","106562"
"Sandy Springs","GA","33.92427","-84.37854","105330"
"Burbank","CA","34.18084","-118.30897","105319"
"Green Bay","WI","44.51916","-88.01983","105207"
"Santa Maria","CA","34.95303","-120.43572","105093"
"Universal City","CA","34.1389","-118.35341","105000"
"Wichita Falls","TX","33.91371","-98.49339","104710"
"Lakeland","FL","28.03947","-81.9498","104401"
"Clovis","CA","36.82523","-119.70292","104180"
"Lewisville","TX","33.04623","-96.99417","104039"
"Tyler","TX","32.35126","-95.30106","103700"
"El Cajon","CA","32.79477","-116.96253","103679"
"San Mateo","CA","37.56299","-122.32553","103536"
"Brandon","FL","27.9378","-82.28592","103483"
"Rialto","CA","34.1064","-117.37032","103132"
"Davenport","IA","41.52364","-90.57764","102582"
"Edison","NJ","40.51872","-74.4121","102548"
"Hillsboro","OR","45.52289","-122.98983","102347"
"Las Cruces","NM","32.31232","-106.77834","101643"
"South Bend","IN","41.68338","-86.25001","101516"
"Albany","NY","42.65258","-73.75623","101228"
"New Bedford","MA","41.63526","-70.92701","101079"
"Vista","CA","33.20004","-117.24254","100890"
"Davie","FL","26.06287","-80.2331","100882"
"Chinatown","CA","37.7966","-122.40858","100574"
"Renton","WA","47.48288","-122.21707","100242"
"Roanoke","VA","37.27097","-79.94143","100011"
"San Angelo","TX","31.46377","-100.43704","99893"
"Kenosha","WI","42.58474","-87.82119","99858"
"Clinton Township","MI","42.58698","-82.91992","99753"
"Columbia","MD","39.24038","-76.83942","99615"
"Erie","PA","42.12922","-80.08506","99475"
"Portsmouth Heights","VA","36.82098","-76.36883","99049"
"Richmond Hill","NY","40.69983","-73.83125","98984"
"Alief","TX","29.71106","-95.59633","98725"
"Spring Hill","FL","28.47688","-82.52546","98621"
"Compton","CA","33.89585","-118.22007","98462"
"League City","TX","29.50745","-95.09493","98312"
"Flint","MI","43.01253","-83.68746","98310"
"Allen","TX","33.10317","-96.67055","98143"
"Dorchester","MA","42.29732","-71.0745","97826"
"Mission Viejo","CA","33.60002","-117.672","97156"
"Vacaville","CA","38.35658","-121.98774","96803"
"Ventura","CA","34.27834","-119.29317","96769"
"Highlands Ranch","CO","39.55388","-104.96943","96713"
"Lawton","OK","34.60869","-98.39033","96655"
"Beaverton","OR","45.48706","-122.80371","96577"
"South Gate","CA","33.95474","-118.21202","96401"
"Portsmouth","VA","36.83543","-76.29827","96201"
"Sparks","NV","39.53491","-119.75269","96094"
"Yuma","AZ","32.72532","-114.6244","95548"
"Brockton","MA","42.08343","-71.01838","95314"
"Dearborn","MI","42.32226","-83.17631","95171"
"Federal Way","WA","47.32232","-122.31262","95171"
"Lee's Summit","MO","38.91084","-94.38217","95094"
"Asheville","NC","35.60095","-82.55402","95056"
"Spokane Valley","WA","47.67323","-117.23937","94919"
"Fordham","NY","40.85927","-73.89847","94678"
"Livonia","MI","42.36837","-83.35271","94635"
"Roswell","GA","34.02316","-84.36159","94501"
"Orem","UT","40.2969","-111.69465","94457"
"Fall River","MA","41.70149","-71.15505","94000"
"Lawrence","KS","38.97167","-95.23525","93917"
"The Woodlands","TX","30.15799","-95.48938","93847"
"West Albany","NY","42.68313","-73.77845","93794"
"Yakima","WA","46.60207","-120.5059","93701"
"Quincy","MA","42.25288","-71.00227","93618"
"Flatbush","NY","40.65205","-73.95903","93361"
"Hesperia","CA","34.42639","-117.30088","93295"
"Carson","CA","33.83141","-118.28202","93281"
"Boca Raton","FL","26.35869","-80.0831","93235"
"Santa Monica","CA","34.01949","-118.49138","93220"
"San Marcos","CA","33.14337","-117.16614","92931"
"Boyle Heights","CA","34.0339","-118.20535","92785"
"Plantation","FL","26.13421","-80.23184","92560"
"Lynn","MA","42.46676","-70.94949","92457"
"Miami Beach","FL","25.79065","-80.13005","92312"
"Arden-Arcade","CA","38.6025","-121.37854","92186"
"Westminster","CA","33.75918","-118.00673","92114"
"Longmont","CO","40.16721","-105.10193","92088"
"Santa Barbara","CA","34.42083","-119.69819","91842"
"Redding","CA","40.58654","-122.39168","91582"
"Macon","GA","32.84069","-83.6324","91351"
"Meridian","ID","43.61211","-116.39151","90739"
"San Leandro","CA","37.72493","-122.15608","90712"
"Greenville","NC","35.61266","-77.36635","90597"
"Edmond","OK","35.65283","-97.4781","90092"
"Chinatown","NY","40.71649","-73.99625","90000"
"Nampa","ID","43.54072","-116.56346","89839"
"Trenton","NJ","40.21705","-74.74294","89620"
"Sandy Hills","UT","40.58106","-111.85077","89575"
"Newton","MA","42.33704","-71.20922","88817"
"Toms River","NJ","39.95373","-74.19792","88791"
"Carmel","IN","39.97837","-86.11804","88713"
"Norwalk","CT","41.1176","-73.4079","88485"
"Waukegan","IL","42.36363","-87.84479","88475"
"Deltona","FL","28.90054","-81.26367","88474"
"Hawthorne","CA","33.9164","-118.35257","88451"
"Fort Smith","AR","35.38592","-94.39855","88194"
"Suffolk","VA","36.72836","-76.58496","88161"
"Sugar Land","TX","29.61968","-95.63495","88156"
"Livermore","CA","37.68187","-121.76801","88126"
"Nashua","NH","42.76537","-71.46757","87970"
"Reading","PA","40.33565","-75.92687","87879"
"Concord","NC","35.40888","-80.58158","87696"
"Indio","CA","33.7207","-116.21677","87533"
"Enchanted Hills","NM","35.33676","-106.59296","87521"
"Rio Rancho","NM","35.23338","-106.66447","87521"
"Santa Fe","NM","35.68698","-105.9378","87505"
"Sandy","UT","40.59161","-111.8841","87461"
"Whittier","CA","33.97918","-118.03284","87438"
"Canarsie","NY","40.64372","-73.90069","87366"
"Kirkland","WA","47.68149","-122.20874","87281"
"Menifee","CA","33.72835","-117.14642","87174"
"Newport Beach","CA","33.61891","-117.92895","87127"
"Tracy","CA","37.73987","-121.42618","87075"
"Citrus Heights","CA","38.70712","-121.28106","87056"
"Bend","OR","44.05817","-121.31531","87014"
"Canton","MI","42.30865","-83.48216","86825"
"Lehigh Acres","FL","26.62535","-81.6248","86784"
"Greenburgh","NY","41.03287","-73.84291","86764"
"Bloomington","MN","44.8408","-93.29828","86435"
"West Town","IL","41.89381","-87.67493","86429"
"Germantown","MD","39.17316","-77.27165","86395"
"Clifton","NJ","40.85843","-74.16376","86334"
"Duluth","MN","46.78327","-92.10658","86110"
"Champaign","IL","40.11642","-88.24338","86096"
"Near North Side","IL","41.90003","-87.6345","85711"
"Chino","CA","34.01223","-117.68894","85595"
"Alhambra","CA","34.09529","-118.12701","85551"
"Ogden","UT","41.223","-111.97383","85444"
"Redwood City","CA","37.48522","-122.23635","85288"
"Bellingham","WA","48.75955","-122.48822","85146"
"O'Fallon","MO","38.81061","-90.69985","85040"
"Hoover","AL","33.40539","-86.81138","84848"
"Melbourne","FL","28.08363","-80.60811","84678"
"Danbury","CT","41.39482","-73.45401","84657"
"East Norwalk","CT","41.10565","-73.39845","84530"
"Edinburg","TX","26.30174","-98.16334","84497"
"Sunrise","FL","26.13397","-80.1131","84439"
"Bloomington","IN","39.16533","-86.52639","84067"
"Cicero","IL","41.84559","-87.75394","83886"
"Hemet","CA","33.74761","-116.97307","83861"
"San Pedro","CA","33.73585","-118.29229","83556"
"Ahwatukee Foothills","AZ","33.34171","-111.98403","83464"
"Johns Creek","GA","34.02893","-84.19858","83335"
"Mission","TX","26.21591","-98.32529","83298"
"Troy","MI","42.60559","-83.14993","83280"
"Buena Park","CA","33.86751","-117.99812","83270"
"Mid-City","CA","34.04126","-118.36058","83000"
"Palm Coast","FL","29.58497","-81.20784","82893"
"Fayetteville","AR","36.06258","-94.15743","82830"
"Sioux City","IA","42.49999","-96.40031","82821"
"Lake Forest","CA","33.64697","-117.68922","82492"
"Merced","CA","37.30216","-120.48297","82436"
"Longview","TX","32.5007","-94.74049","82287"
"Bryan","TX","30.67436","-96.36996","82118"
"Westland","MI","42.3242","-83.40021","82000"
"Warwick","RI","41.7001","-71.41617","81699"
"Lakewood","CA","33.85363","-118.13396","81611"
"Farmington Hills","MI","42.48531","-83.37716","81330"
"San Tan Valley","AZ","33.1911","-111.528","81321"
"Mount Pleasant","SC","32.79407","-79.86259","81317"
"Cranston","RI","41.77982","-71.43728","81073"
"Largo","FL","27.90979","-82.78842","81000"
"Homestead","FL","25.46872","-80.47756","80737"
"South Suffolk","VA","36.71709","-76.59023","80690"
"Avondale","AZ","33.4356","-112.3496","80684"
"Tustin","CA","33.74585","-117.82617","80583"
"Mountain View","CA","37.38605","-122.08385","80435"
"Napa","CA","38.29714","-122.28553","80434"
"Somerville","MA","42.3876","-71.0995","80318"
"Kendall","FL","25.67927","-80.31727","80241"
"Lawrence","MA","42.70704","-71.16311","80231"
"Parma","OH","41.40477","-81.72291","79937"
"New Rochelle","NY","40.91149","-73.78235","79846"
"Lynchburg","VA","37.41375","-79.14225","79812"
"Medford","OR","42.32652","-122.87559","79805"
"Deerfield Beach","FL","26.31841","-80.09977","79768"
"Sylmar","CA","34.30778","-118.44925","79614"
"Pleasanton","CA","37.66243","-121.87468","79510"
"Belmont Cragin","IL","41.9317","-87.76867","79159"
"Brooklyn Park","MN","45.09413","-93.35634","79149"
"Goodyear","AZ","33.43532","-112.35821","79003"
"Kennewick","WA","46.21125","-119.13723","78896"
"Alameda","CA","37.77099","-122.26087","78630"
"Town 'n' Country","FL","28.01057","-82.57732","78442"
"Bellflower","CA","33.88168","-118.11701","78441"
"Chino Hills","CA","33.9938","-117.75888","78309"
"Bloomington","IL","40.4842","-88.99369","78292"
"Alafaya","FL","28.5641","-81.2114","78113"
"Springdale","AR","36.18674","-94.12881","77859"
"Racine","WI","42.72613","-87.78285","77742"
"Hammond","IN","41.58337","-87.50004","77614"
"Milpitas","CA","37.42827","-121.90662","77604"
"Gary","IN","41.59337","-87.34643","77156"
"Scranton","PA","41.40916","-75.6649","77118"
"Baldwin Park","CA","34.08529","-117.9609","77071"
"Auburn","WA","47.30732","-122.22845","77006"
"Fishers","IN","39.95559","-86.01387","76794"
"Saint Joseph","MO","39.76861","-94.84663","76780"
"Pharr","TX","26.1948","-98.18362","76538"
"Upland","CA","34.09751","-117.64839","76443"
"Folsom","CA","38.67796","-121.17606","76375"
"Baytown","TX","29.7355","-94.97743","76335"
"San Ramon","CA","37.77993","-121.97802","76134"
"Camden","NJ","39.92595","-75.11962","76119"
"Lake Charles","LA","30.21309","-93.2044","76070"
"Kalamazoo","MI","42.29171","-85.58723","76041"
"Brick","NJ","40.05928","-74.13708","76021"
"Arlington Heights","IL","42.08836","-87.98063","75926"
"Plymouth","MN","45.01052","-93.45551","75907"
"South Ozone Park","NY","40.6701","-73.81902","75878"
"Doral","FL","25.81954","-80.35533","75874"
"Waterford","MI","42.69303","-83.41181","75737"
"Evanston","IL","42.04114","-87.69006","75527"
"Manteca","CA","37.79743","-121.21605","75448"
"Wyoming","MI","42.91336","-85.70531","75275"
"Loveland","CO","40.39776","-105.07498","75182"
"Cheektowaga","NY","42.90339","-78.75475","75178"
"Kings Bridge","NY","40.87871","-73.90514","75132"
"Bismarck","ND","46.80833","-100.78374","75092"
"Perris","CA","33.78252","-117.22865","74971"
"Bethlehem","PA","40.62593","-75.37046","74892"
"Albany","GA","31.57851","-84.15574","74843"
"Schaumburg","IL","42.03336","-88.08341","74693"
"Gastonia","NC","35.26208","-81.1873","74543"
"Brownsville","NY","40.66094","-73.92014","74497"
"Union City","CA","37.59577","-122.01913","74494"
"Bolingbrook","IL","41.69864","-88.0684","74306"
"Iowa City","IA","41.66113","-91.53017","74220"
"Layton","UT","41.06022","-111.97105","74143"
"Appleton","WI","44.26193","-88.41538","74139"
"Missouri City","TX","29.61857","-95.53772","74139"
"Shelby","MI","42.67087","-83.03298","74099"
"Fort Myers","FL","26.62168","-81.84059","74013"
"Boynton Beach","FL","26.52535","-80.06643","73966"
"Jonesboro","AR","35.8423","-90.70428","73907"
"South Lawndale","IL","41.84364","-87.71255","73826"
"Logan Square","IL","41.92337","-87.69922","73702"
"Rapid City","SD","44.08054","-103.23101","73569"
"Warner Robins","GA","32.61574","-83.62664","73490"
"Rochester Hills","MI","42.65837","-83.14993","73424"
"Decatur","IL","39.84031","-88.9548","73254"
"Southfield","MI","42.47337","-83.22187","73156"
"Saint George","UT","37.10415","-113.58412","72897"
"New Britain","CT","41.66121","-72.77954","72808"
"Daytona Beach","FL","29.21081","-81.02283","72647"
"Franklin","TN","35.92506","-86.86889","72639"
"Turlock","CA","37.49466","-120.84659","72292"
"Temple","TX","31.09823","-97.34278","72277"
"West Ridge","IL","41.99975","-87.69284","72211"
"Apple Valley","CA","34.50083","-117.18588","72174"
"Lynwood","CA","33.93029","-118.21146","71989"
"Waukesha","WI","43.01168","-88.23148","71970"
"Canton","OH","40.79895","-81.37845","71885"
"Gulfport","MS","30.36742","-89.09282","71856"
"Pawtucket","RI","41.87871","-71.38256","71591"
"Lauderhill","FL","26.14036","-80.21338","71579"
"Rock Hill","SC","34.92487","-81.02508","71548"
"Silver Spring","MD","38.99067","-77.02609","71452"
"West Gulfport","MS","30.40409","-89.0942","71329"
"Flower Mound","TX","33.01457","-97.09696","71253"
"Centreville","VA","38.84039","-77.42888","71135"
"Lafayette","IN","40.4167","-86.87529","71111"
"Passaic","NJ","40.85677","-74.12848","71085"
"Riverview","FL","27.86614","-82.32648","71050"
"Redlands","CA","34.05557","-117.18254","71035"
"Missoula","MT","46.87215","-113.994","71022"
"Rancho Cordova","CA","38.58907","-121.30273","71017"
"Wilmington","DE","39.74595","-75.54659","70898"
"New Braunfels","TX","29.703","-98.12445","70543"
"Cherry Hill","NJ","39.93484","-75.03073","70475"
"Flagstaff","AZ","35.19807","-111.65127","70320"
"Muncie","IN","40.19338","-85.38636","70087"
"Mira Mesa","CA","32.9156","-117.14392","70000"
"Woodland Hills","CA","34.16834","-118.60592","70000"
"Weston","FL","26.10037","-80.39977","69959"
"Frederick","MD","39.41427","-77.41054","69479"
"Pasco","WA","46.23958","-119.10057","69451"
"Pittsburg","CA","38.02798","-121.88468","69424"
"Ridgewood","NY","40.7001","-73.90569","69317"
"Palatine","IL","42.1103","-88.03424","69308"
"North Richland Hills","TX","32.8343","-97.2289","69204"
"Union City","NJ","40.77955","-74.02375","69156"
"Kissimmee","FL","28.30468","-81.41667","69152"
"Walnut Creek","CA","37.90631","-122.06496","68910"
"Cordova","TN","35.15565","-89.7762","68779"
"Mount Vernon","NY","40.9126","-73.83708","68628"
"Conroe","TX","30.31188","-95.45605","68602"
"Dothan","AL","31.22323","-85.39049","68567"
"Northridge","CA","34.22834","-118.53675","68469"
"Waterloo","IA","42.49276","-92.34296","68460"
"Maple Grove","MN","45.07246","-93.45579","68385"
"Framingham","MA","42.27926","-71.41617","68318"
"Redondo Beach","CA","33.84918","-118.38841","68166"
"Bossier City","LA","32.51599","-93.73212","68094"
"Yorba Linda","CA","33.88863","-117.81311","67973"
"Woodbury","MN","44.92386","-92.95938","67855"
"Eau Claire","WI","44.81135","-91.49849","67778"
"Waldorf","MD","38.62456","-76.93914","67752"
"Forest Hills","NY","40.71621","-73.85014","67714"
"Davis","CA","38.54491","-121.74052","67666"
"Glen Burnie","MD","39.16261","-76.62469","67639"
"Camarillo","CA","34.21639","-119.0376","67608"
"Victoria","TX","28.80527","-97.0036","67574"
"Gaithersburg","MD","39.14344","-77.20137","67456"
"Jacksonville","NC","34.75405","-77.43024","67357"
"South San Francisco","CA","37.65466","-122.40775","67271"
"Kenner","LA","29.99409","-90.24174","67091"
"Jackson Heights","NY","40.75566","-73.88541","67067"
"Rockville","MD","39.084","-77.15276","66980"
"Jackson","TN","35.61452","-88.81395","66975"
"Lincoln Park","IL","41.9217","-87.64783","66959"
"Yuba City","CA","39.14045","-121.61691","66941"
"Portland","ME","43.65737","-70.2589","66881"
"Palo Alto","CA","37.44188","-122.14302","66853"
"Casas Adobes","AZ","32.32341","-110.9951","66795"
"Marysville","WA","48.05176","-122.17708","66773"
"South Jordan","UT","40.56217","-111.92966","66648"
"Oshkosh","WI","44.02471","-88.54261","66555"
"North Little Rock","AR","34.76954","-92.26709","66504"
"Bayside","NY","40.76844","-73.77708","66455"
"Bayonne","NJ","40.66871","-74.11431","66311"
"Eagan","MN","44.80413","-93.16689","66286"
"Delray Beach","FL","26.46146","-80.07282","66255"
"Johnson City","TN","36.31344","-82.35347","66027"
"Dale City","VA","38.63706","-77.31109","65969"
"Cedar Park","TX","30.5052","-97.82029","65945"
"Parkchester","NY","40.83899","-73.86041","65876"
"Atascocita","TX","29.99883","-95.1766","65844"
"Saint Cloud","MN","45.5608","-94.16249","65842"
"Ellicott City","MD","39.26733","-76.79831","65834"
"Laguna Niguel","CA","33.52253","-117.70755","65806"
"Saint Charles","MO","38.78394","-90.48123","65794"
"Harlingen","TX","26.19063","-97.6961","65774"
"San Clemente","CA","33.42697","-117.61199","65526"
"West Lynchburg","VA","37.4032","-79.17808","65517"
"Middletown","NJ","40.39428","-74.11709","65490"
"Framingham Center","MA","42.29732","-71.43701","65413"
"Schenectady","NY","42.81424","-73.93957","65305"
"Cheyenne","WY","41.13998","-104.82025","65132"
"Broomfield","CO","39.92054","-105.08665","65065"
"Ames","IA","42.03471","-93.61994","65060"
"Park Slope","NY","40.6701","-73.98597","65047"
"Shawnee","KS","39.04167","-94.72024","65046"
"Reseda","CA","34.20112","-118.53647","65000"
"Conway","AR","35.0887","-92.4421","64980"
"East Orange","NJ","40.76732","-74.20487","64949"
"Portage Park","IL","41.95781","-87.76506","64841"
"Skokie","IL","42.03336","-87.73339","64821"
"West Bloomfield Township","MI","42.56891","-83.38356","64690"
"Tamarac","FL","26.21286","-80.24977","64681"
"Youngstown","OH","41.09978","-80.64952","64628"
"Lodi","CA","38.1302","-121.27245","64596"
"North Hollywood","CA","34.17223","-118.37897","64587"
"Greenville","SC","34.85262","-82.39401","64579"
"Celina","TX","33.32456","-96.78444","64427"
"Mansfield","TX","32.56319","-97.14168","64274"
"Santa Cruz","CA","36.97412","-122.0308","64220"
"Pico Rivera","CA","33.98307","-118.09673","64218"
"Madera","CA","36.96134","-120.06072","64208"
"Janesville","WI","42.68279","-89.01872","64123"
"West Des Moines","IA","41.57721","-93.71133","64113"
"Montebello","CA","34.00946","-118.10535","63921"
"Georgetown","TX","30.63269","-97.67723","63716"
"Alpharetta","GA","34.07538","-84.29409","63693"
"Lorain","OH","41.45282","-82.18237","63647"
"Bowling Green","KY","36.99032","-86.4436","63616"
"Flatlands","NY","40.62122","-73.93486","63601"
"Dundalk","MD","39.25066","-76.52052","63597"
"Eden Prairie","MN","44.85469","-93.47079","63496"
"North Bergen","NJ","40.80427","-74.01208","63484"
"Florence-Graham","CA","33.96772","-118.24438","63387"
"Waltham","MA","42.37649","-71.23561","63378"
"West Hartford","CT","41.76204","-72.74204","63268"
"Rogers","AR","36.33202","-94.11854","63159"
"Carol City","FL","25.94065","-80.2456","63031"
"Encinitas","CA","33.03699","-117.29198","62930"
"East Village","NY","40.72927","-73.98736","62832"
"Haverhill","MA","42.7762","-71.07728","62765"
"Jupiter","FL","26.93422","-80.09421","62707"
"Council Bluffs","IA","41.26194","-95.86083","62597"
"Wellington","FL","26.65868","-80.24144","62560"
"West Coon Rapids","MN","45.15969","-93.34967","62528"
"North Miami","FL","25.89009","-80.18671","62435"
"Hamilton","OH","39.3995","-84.56134","62407"
"North Port","FL","27.04422","-82.23593","62345"
"Tulare","CA","36.20773","-119.34734","62315"
"Coon Rapids","MN","45.11997","-93.28773","62240"
"Millcreek","UT","40.68689","-111.87549","62139"
"La Habra","CA","33.93196","-117.94617","62131"
"Blaine","MN","45.1608","-93.23495","62124"
"Auburn","AL","32.60986","-85.48078","62059"
"Lake Elsinore","CA","33.66808","-117.32726","61981"
"Carmichael","CA","38.61713","-121.32828","61762"
"Taylor","MI","42.24087","-83.26965","61568"
"Burnsville","MN","44.76774","-93.27772","61481"
"Monterey Park","CA","34.06251","-118.12285","61468"
"Castro Valley","CA","37.6941","-122.08635","61388"
"Irvington","NJ","40.73232","-74.23487","61323"
"Rocklin","CA","38.79073","-121.23578","61213"
"Utica","NY","43.1009","-75.23266","61100"
"Malden","MA","42.4251","-71.06616","61068"
"National City","CA","32.67811","-117.0992","61060"
"Financial District","NY","40.70789","-74.00857","60976"
"Springfield","OR","44.04624","-123.02203","60870"
"Bethesda","MD","38.98067","-77.10026","60858"
"Terre Haute","IN","39.4667","-87.41391","60825"
"Vineland","NJ","39.48623","-75.02573","60818"
"West Hollywood","FL","26.02065","-80.18394","60806"
"San Marcos","TX","29.88327","-97.94139","60684"
"Brentwood","NY","40.78121","-73.24623","60664"
"Lakeville","MN","44.64969","-93.24272","60633"
"West Allis","WI","43.01668","-88.00703","60620"
"Redmond","WA","47.67399","-122.12151","60598"
"Canoga Park","CA","34.20112","-118.59814","60578"
"Cupertino","CA","37.323","-122.03218","60572"
"Taylorsville","UT","40.66772","-111.93883","60514"
"Bristol","CT","41.67176","-72.94927","60452"
"Moore","OK","35.33951","-97.4867","60451"
"Gardena","CA","33.88835","-118.30896","60447"
"Petaluma","CA","38.23242","-122.63665","60438"
"Bensalem","PA","40.10455","-74.95128","60427"
"Grand Junction","CO","39.06387","-108.55065","60358"
"Casper","WY","42.86663","-106.31308","60285"
"Rowlett","TX","32.9029","-96.56388","60236"
"La Mesa","CA","32.76783","-117.02308","60089"
"Pine Hills","FL","28.55778","-81.4534","60076"
"Bensonhurst","NY","40.60177","-73.99403","60000"
"Coney Island","NY","40.57788","-73.99403","60000"
"Rancho Penasquitos","CA","32.95949","-117.11531","60000"
"Valley Glen","CA","34.18568","-118.42032","60000"
"Meriden","CT","41.53815","-72.80704","59988"
"Pontiac","MI","42.63892","-83.29105","59917"
"Port Orange","FL","29.13832","-80.99561","59866"
"Hamden","CT","41.39593","-72.89677","59847"
"Lakewood","WA","47.17176","-122.51846","59829"
"Fountainebleau","FL","25.77288","-80.34783","59764"
"Saint Clair Shores","MI","42.49698","-82.88881","59715"
"Springfield","OH","39.92423","-83.80882","59680"
"Great Falls","MT","47.50024","-111.30081","59638"
"Chapel Hill","NC","35.9132","-79.05584","59568"
"Canyon Country","CA","34.42333","-118.47203","59530"
"Huntington Park","CA","33.98168","-118.22507","59430"
"Lancaster","PA","40.03788","-76.30551","59339"
"Coconut Creek","FL","26.25175","-80.17894","59302"
"Leander","TX","30.57881","-97.85307","59202"
"Idaho Falls","ID","43.46658","-112.03414","59184"
"San Rafael","CA","37.97353","-122.53109","59162"
"Noblesville","IN","40.04559","-86.0086","59093"
"Marietta","GA","33.9526","-84.54993","59067"
"Fairfield","CT","41.14121","-73.26373","59052"
"Owensboro","KY","37.77422","-87.11333","59042"
"Eastvale","CA","33.96358","-117.56418","59039"
"Royal Oak","MI","42.48948","-83.14465","59008"
"Brentwood","CA","37.93187","-121.69579","58968"
"Dubuque","IA","42.50056","-90.66457","58799"
"Brookline","MA","42.33176","-71.12116","58732"
"Novi","MI","42.48059","-83.47549","58723"
"Des Plaines","IL","42.03336","-87.8834","58677"
"Carson City","NV","39.1638","-119.7674","58639"
"Orland Park","IL","41.63031","-87.85394","58619"
"Bartlett","TN","35.20453","-89.87398","58579"
"Woodland","CA","38.67852","-121.7733","58567"
"Lehi","UT","40.39162","-111.85077","58486"
"White Plains","NY","41.03399","-73.76291","58459"
"Arcadia","CA","34.13973","-118.03534","58408"
"Reston","VA","38.96872","-77.3411","58404"
"Ocala","FL","29.1872","-82.14009","58218"
"Clay","NY","43.1859","-76.17243","58206"
"Central City","AZ","33.44001","-112.05805","58161"
"South Vineland","NJ","39.44595","-75.02879","58122"
"Sanford","FL","28.80055","-81.27312","58111"
"Bowie","MD","38.94278","-76.73028","58025"
"Kokomo","IN","40.48643","-86.1336","57995"
"Wayne","NJ","40.92538","-74.27654","57915"
"Santee","CA","32.83838","-116.97392","57787"
"Dublin","CA","37.70215","-121.93579","57721"
"Palm Harbor","FL","28.07807","-82.76371","57439"
"Medford","MA","42.41843","-71.10616","57403"
"Midwest City","OK","35.44951","-97.3967","57249"
"Center City","PA","39.9512","-75.15923","57239"
"Margate","FL","26.24453","-80.20644","57234"
"South Whittier","CA","33.95015","-118.03917","57156"
"Tinley Park","IL","41.57337","-87.78449","57143"
"Pflugerville","TX","30.43937","-97.62","57122"
"New Brunswick","NJ","40.48622","-74.45182","57035"
"Grand Forks","ND","47.92526","-97.03285","57011"
"Fountain Valley","CA","33.70918","-117.95367","56987"
"North Hills","CA","34.23639","-118.48472","56946"
"Diamond Bar","CA","34.02862","-117.81034","56897"
"Taunton","MA","41.9001","-71.08977","56789"
"Oak Lawn","IL","41.71087","-87.75811","56781"
"Union","NJ","40.6976","-74.2632","56771"
"Ankeny","IA","41.72971","-93.60577","56764"
"Chicopee","MA","42.1487","-72.60787","56741"
"Irving Park","IL","41.95336","-87.73645","56520"
"Berwyn","IL","41.85059","-87.79367","56368"
"Manhattan","KS","39.18361","-96.57167","56308"
"Kendale Lakes","FL","25.70816","-80.407","56148"
"Smyrna","GA","33.88399","-84.51438","56146"
"Dearborn Heights","MI","42.33698","-83.27326","56145"
"Porterville","CA","36.06523","-119.01677","56058"
"Piscataway","NJ","40.49927","-74.39904","56044"
"Hendersonville","TN","36.30477","-86.62","56018"
"Morningside Heights","NY","40.81","-73.9625","55929"
"Rocky Mount","NC","35.93821","-77.79053","55806"
"Corvallis","OR","44.56457","-123.26204","55780"
"Olympia","WA","47.04491","-122.90169","55733"
"Valdosta","GA","30.83334","-83.28032","55724"
"Hanford","CA","36.32745","-119.64568","55659"
"Castle Rock","CO","39.37221","-104.85609","55591"
"Greenwood","IN","39.61366","-86.10665","55586"
"Chicago Lawn","IL","41.77503","-87.69644","55551"
"Hempstead","NY","40.70621","-73.61874","55547"
"Novato","CA","38.10742","-122.5697","55530"
"Kettering","OH","39.6895","-84.16883","55525"
"Bellevue","NE","41.13667","-95.89084","55510"
"Shoreline","WA","47.75565","-122.34152","55439"
"Decatur","AL","34.60593","-86.98334","55437"
"Paramount","CA","33.88946","-118.15979","55412"
"Port Arthur","TX","29.88519","-93.94233","55340"
"Abington","PA","40.12067","-75.11795","55310"
"Anderson","IN","40.10532","-85.68025","55305"
"Tamiami","FL","25.75871","-80.39839","55271"
"Towson","MD","39.4015","-76.60191","55197"
"North Chicopee","MA","42.18343","-72.59953","55179"
"Uptown","IL","41.9659","-87.65262","55137"
"Sarasota","FL","27.33643","-82.53065","55118"
"Cypress Hills","NY","40.67705","-73.89125","54944"
"West Haven","CT","41.27065","-72.94705","54927"
"Rosemead","CA","34.08057","-118.07285","54908"
"Edgewater","IL","41.98337","-87.66395","54873"
"Jackson","NJ","39.7765","-74.86238","54856"
"Highland","CA","34.12834","-117.20865","54854"
"Mount Prospect","IL","42.06642","-87.93729","54747"
"Colton","CA","34.0739","-117.31365","54621"
"Encanto","AZ","33.47937","-112.07823","54614"
"Pocatello","ID","42.8713","-112.44553","54441"
"Bradenton","FL","27.49893","-82.57482","54437"
"Rogers Park","IL","42.00864","-87.66672","54402"
"Weymouth","MA","42.22093","-70.93977","54395"
"Port Charlotte","FL","26.97617","-82.09064","54392"
"Normal","IL","40.5142","-88.99063","54373"
"Spring","TX","30.07994","-95.41716","54298"
"Allapattah","FL","25.81454","-80.22394","54289"
"Richland","WA","46.28569","-119.28446","54248"
"Euless","TX","32.83707","-97.08195","54219"
"Blue Springs","MO","39.01695","-94.28161","54148"
"East Pensacola Heights","FL","30.42881","-87.17997","54104"
"Hacienda Heights","CA","33.99307","-117.96868","54038"
"Ozone Park","NY","40.67677","-73.84375","53985"
"Briarwood","NY","40.70935","-73.81529","53877"
"Cathedral City","CA","33.77974","-116.46529","53826"
"Lakewood","NJ","40.09789","-74.21764","53805"
"Elyria","OH","41.36838","-82.10765","53775"
"Pensacola","FL","30.42131","-87.21691","53724"
"Wheaton","IL","41.86614","-88.10701","53715"
"Commerce City","CO","39.80832","-104.93387","53696"
"Hoboken","NJ","40.74399","-74.03236","53635"
"Watsonville","CA","36.91023","-121.75689","53628"
"Lake Havasu City","AZ","34.4839","-114.32245","53553"
"Little Havana","FL","25.76806","-80.23306","53430"
"Revere","MA","42.40843","-71.01199","53422"
"West New York","NJ","40.78788","-74.01431","53366"
"Yucaipa","CA","34.03363","-117.04309","53328"
"Gilroy","CA","37.00578","-121.56828","53231"
"Poinciana","FL","28.14029","-81.45841","53193"
"University of Texas","TX","30.28604","-97.73889","53082"
"Kingsport","TN","36.54843","-82.56182","53014"
"Levittown","PA","40.15511","-74.82877","52983"
"Palm Beach Gardens","FL","26.82339","-80.13865","52923"
"Milford","CT","41.22232","-73.0565","52759"
"Delano","CA","35.76884","-119.24705","52733"
"West Sacramento","CA","38.58046","-121.53023","52721"
"Huntersville","NC","35.41069","-80.84285","52704"
"Perth Amboy","NJ","40.50677","-74.26542","52682"
"Sherman Oaks","CA","34.15112","-118.44925","52677"
"Southaven","MS","34.98898","-90.01259","52589"
"Saint Peters","MO","38.80033","-90.62651","52575"
"Downtown DC","DC","38.8935","-77.01991","52560"
"Harrisonburg","VA","38.44957","-78.86892","52538"
"Peabody","MA","42.52787","-70.92866","52504"
"Placentia","CA","33.87224","-117.87034","52495"
"Lenexa","KS","38.95362","-94.73357","52490"
"DeSoto","TX","32.58986","-96.85695","52486"
"Burlington","NC","36.09569","-79.4378","52472"
"South Hill","WA","47.14121","-122.27012","52431"
"Elkhart","IN","41.68199","-85.97667","52348"
"La Crosse","WI","43.80136","-91.23958","52306"
"Oak Park","IL","41.88503","-87.7845","52287"
"Florissant","MO","38.78922","-90.32261","52268"
"Sammamish","WA","47.64177","-122.0804","52253"
"Wakefield","NY","40.89788","-73.85236","52201"
"Albany","OR","44.63651","-123.10593","52175"
"Hoffman Estates","IL","42.04281","-88.0798","52138"
"Albany Park","IL","41.96836","-87.72339","52079"
"Methuen","MA","42.7262","-71.19089","52044"
"Glendora","CA","34.13612","-117.86534","52009"
"Wilmington","CA","33.78002","-118.26257","52000"
"Queens Village","NY","40.72677","-73.74152","51919"
"Brookhaven","GA","33.85844","-84.3402","51910"
"Levittown","NY","40.72593","-73.51429","51881"
"Palm Desert","CA","33.72255","-116.37697","51869"
"Joplin","MO","37.08423","-94.51328","51818"
"Enid","OK","36.39559","-97.87839","51776"
"Bonita Springs","FL","26.33981","-81.7787","51704"
"Irondequoit","NY","43.2134","-77.57972","51692"
"Caldwell","ID","43.66294","-116.68736","51686"
"Minnetonka","MN","44.9133","-93.50329","51669"
"Pinellas Park","FL","27.8428","-82.69954","51617"
"Battle Creek","MI","42.3173","-85.17816","51589"
"Casa Grande","AZ","32.8795","-111.75735","51460"
"South Shore","IL","41.76198","-87.57783","51451"
"Mott Haven","NY","40.80899","-73.92291","51450"
"The Villages","FL","28.93408","-81.95994","51442"
"Grand Island","NE","40.92501","-98.34201","51440"
"Grapevine","TX","32.93429","-97.07807","51404"
"Stratford","CT","41.18454","-73.13317","51384"
"Kentwood","MI","42.86947","-85.64475","51357"
"City of Milford (balance)","CT","41.22374","-73.06164","51271"
"Tigard","OR","45.43123","-122.77149","51253"
"East Hartford","CT","41.78232","-72.61203","51252"
"Apple Valley","MN","44.73191","-93.21772","51221"
"Plainfield","NJ","40.63371","-74.40737","51217"
"Leesburg","VA","39.11566","-77.5636","51209"
"Parsippany","NJ","40.85788","-74.42599","51144"
"Coral Gables","FL","25.72149","-80.26838","51117"
"The Trails of Frisco","TX","33.16087","-96.87182","51059"
"The Hammocks","FL","25.67149","-80.4445","51003"
"Buckeye","AZ","33.37032","-112.58378","50876"
"Flagami","FL","25.76232","-80.31616","50834"
"Catalina Foothills","AZ","32.29785","-110.9187","50796"
"Lakewood","OH","41.48199","-81.79819","50656"
"North La Crosse","WI","43.84635","-91.24819","50470"
"Burien","WA","47.47038","-122.34679","50467"
"Havertown","PA","39.98095","-75.30852","50430"
"Logan","UT","41.73549","-111.83439","50371"
"South Peabody","MA","42.50982","-70.94949","50293"
"Aliso Viejo","CA","33.56504","-117.72712","50195"
"Harrisburg","PA","40.2737","-76.88442","50183"
"Galveston","TX","29.30135","-94.7977","50180"
"Poway","CA","32.96282","-117.03586","50157"
"Edina","MN","44.88969","-93.34995","50138"
"Minnetonka Mills","MN","44.94107","-93.4419","50117"
"Stonecrest","GA","33.70849","-84.13485","50000"
